phrases,label
"In the meanwhile ,",1
for Malaysian club MISC - MIFA,0
Media,0
until 10am,0
and Canada,0
", Specialised Container Transport",1
", a few years later ,",1
marijuana,0
regard to,0
"athletes ,",1
partner and,0
that last for days or even weeks,0
new,0
by Haidar Khan Turani,0
care,0
"blends in to the Cross Gates and Seacroft areas , and",1
descended from the Saxon king Widukind,0
", but cryptorchidism also can be an issue in dogs and cats",1
the rise of a,0
died 4th Febuary 2017,0
Latino,0
season,0
", and few who have doctorates .",1
Kitchen,0
further,0
1923,0
a mere,0
40 million singles and,0
compilation,0
Becky,0
and ooh I do like it up the bum,0
-- unless a readable text is used --,0
alien formed,0
catchment,0
", just weeks before the 2005 papal conclave",1
", in physics , or in art history",1
a,0
- related,0
", including local charge distributions associated with dipoles ,",1
premium cable television,0
cool,0
", cotton and wheat are the two major agricultural products of the country",1
where they first met,0
at RAF Benson,0
"in February , 1948 ,",1
not,0
fusion,0
"and their breeding ,",1
", USA",1
to influence Congress,0
"including the satantic sign ,",1
most well known for the legendary Ballyronan Postbox,0
eastern,0
", DJ Gibnër ,",1
in '' Misdirection '',0
", as well as a police and army officer",1
3 May,0
at the University of Pittsburgh,0
", and comedian",1
'' Jimmy '',0
speed,0
at least some degree of,0
Wikipedia 's,0
Club,0
", but they tend to be of the lesser intelligence",1
and current WBO Asia Pacific Heavyweight and WBO Oriental Heavyweight champion,0
Audrey,0
plus the lul bitches also,0
by Nicholas Rowe,0
1 April 1994,0
and in Central Asia,0
The earliest examples of written Paleo - Hebrew date from the 10th century BC.,0
1977 in,0
- Serie D. They defeated F.C. Porto in the 2007 Taça de Portugal,0
as part of Conrail 's Southern Secondary line,0
probably when it was,0
", forming a legal duopoly between KDVR and KWGN",1
John,0
6th,0
"Three years after their adventure in Paris ,",1
in French,0
"on '' Tonight with Boy Abunda '' ,",1
bad,0
City,0
in 1915,0
"Vienna ,",1
", on the slopes of Ettleton Sike ,",1
", both ethnic Poles and Polish citizens of Jewish background",1
"It is also , the number of times a person has went around the sun.",1
", spawning two successful singles , '' I Like Music '' and '' The Steady Song ''",1
digital,0
American,0
on,0
", including several racist and anti-semitic posters",1
One day,0
to Mandate,0
'' STATISTICAL PREDICTION OF THE SEQUENCE OF LARGE EARTHQUAKES IN IRAN '' by A. Yazdani and M. Kowsari,0
", ( in particular Gold Open Access ) and research integrity in the published literature",1
somehow,0
", aged 70 ,",1
